index,planPhraseId,planPeriodType,domainCode,domain,ageYears,phraseNo,phraseType,phraseText,source,status,sortOrder,note
0,PLAN-HEALTH-3-001,MONTH,11,健康,3,1,月のねらい,保育士や友達と安心して関わりながら、好きな遊びを見つけて伸び伸びと体を動かす。,保育所保育指針_3歳以上児_5領域_文例化初版,active,113001,
1,PLAN-HEALTH-3-002,MONTH,11,健康,3,2,月のねらい,園生活の流れに少しずつ慣れ、保育士に見守られながら身の回りのことを自分でしようとする。,保育所保育指針_3歳以上児_5領域_文例化初版,active,113002,
2,PLAN-HEALTH-3-003,MONTH,11,健康,3,3,月のねらい,戸外遊びや運動遊びを楽しみ、走る、跳ぶ、登るなど、全身を使う心地よさを味わう。,保育所保育指針_3歳以上児_5領域_文例化初版,active,113003,
3,PLAN-HEALTH-3-004,MONTH,11,健康,3,4,月のねらい,食事や排せつ、着脱などの基本的な生活習慣に関心をもち、保育士と一緒に取り組もうとする。,保育所保育指針_3歳以上児_5領域_文例化初版,active,113004,
4,PLAN-HEALTH-3-005,MONTH,11,健康,3,5,月のねらい,手洗い、うがい、衣服の調整などを保育士に促されながら行い、健康に過ごす心地よさを感じる。,保育所保育指針_3歳以上児_5領域_文例化初版,active,113005,
5,PLAN-HEALTH-3-006,MONTH,11,健康,3,6,月のねらい,危険な場所や遊び方について保育士の言葉を聞き、安全に遊ぼうとする。,保育所保育指針_3歳以上児_5領域_文例化初版,active,113006,
6,PLAN-HEALTH-4-001,MONTH,11,健康,4,1,月のねらい,友達と一緒に戸外や室内で体を動かす遊びを楽しみ、いろいろな動きに挑戦する。,保育所保育指針_3歳以上児_5領域_文例化初版,active,114001,
7,PLAN-HEALTH-4-002,MONTH,11,健康,4,2,月のねらい,園生活の見通しをもち、自分でできる身の回りのことに進んで取り組む。,保育所保育指針_3歳以上児_5領域_文例化初版,active,114002,
8,PLAN-HEALTH-4-003,MONTH,11,健康,4,3,月のねらい,走る、跳ぶ、投げる、支える、バランスを取るなど、多様な動きを経験しながら体の使い方を知る。,保育所保育指針_3歳以上児_5領域_文例化初版,active,114003,
9,PLAN-HEALTH-4-004,MONTH,11,健康,4,4,月のねらい,友達と食事をする楽しさを感じ、様々な食べ物に興味をもつ。,保育所保育指針_3歳以上児_5領域_文例化初版,active,114004,
10,PLAN-HEALTH-4-005,MONTH,11,健康,4,5,月のねらい,手洗い、うがい、汗の始末、衣服の調整など、健康に過ごすための習慣を身に付けようとする。,保育所保育指針_3歳以上児_5領域_文例化初版,active,114005,
11,PLAN-HEALTH-4-006,MONTH,11,健康,4,6,月のねらい,遊具や道具の使い方、遊びの約束を知り、安全に気を付けて遊ぼうとする。,保育所保育指針_3歳以上児_5領域_文例化初版,active,114006,
12,PLAN-HEALTH-5-001,MONTH,11,健康,5,1,月のねらい,友達と目的を共有しながら、思いきり体を動かして遊ぶ楽しさや達成感を味わう。,保育所保育指針_3歳以上児_5領域_文例化初版,active,115001,
13,PLAN-HEALTH-5-002,MONTH,11,健康,5,2,月のねらい,自分の体や健康に関心をもち、生活に必要な習慣を自分で考えて行動しようとする。,保育所保育指針_3歳以上児_5領域_文例化初版,active,115002,
14,PLAN-HEALTH-5-003,MONTH,11,健康,5,3,月のねらい,運動遊びや集団遊びの中で、体の動きを調整したり、力加減を考えたりしながら遊ぶ。,保育所保育指針_3歳以上児_5領域_文例化初版,active,115003,
15,PLAN-HEALTH-5-004,MONTH,11,健康,5,4,月のねらい,食事、睡眠、清潔、衣服の調整など、健康な生活に必要なことに気付き、自分から行おうとする。,保育所保育指針_3歳以上児_5領域_文例化初版,active,115004,
16,PLAN-HEALTH-5-005,MONTH,11,健康,5,5,月のねらい,友達と協力して生活の場を整え、見通しをもって活動に取り組む。,保育所保育指針_3歳以上児_5領域_文例化初版,active,115005,
17,PLAN-HEALTH-5-006,MONTH,11,健康,5,6,月のねらい,危険な場所や遊び方、災害時の行動について理解し、自分たちで安全に気を付けて行動しようとする。,保育所保育指針_3歳以上児_5領域_文例化初版,active,115006,
18,PLAN-REL-3-001,MONTH,21,人間関係,3,1,月のねらい,保育士との信頼関係の中で安心して過ごし、好きな遊びを見つけて楽しむ。,保育所保育指針_3歳以上児_5領域_文例化初版,active,213001,
19,PLAN-REL-3-002,MONTH,21,人間関係,3,2,月のねらい,保育士や友達と一緒に過ごす喜びを感じながら、園生活に親しむ。,保育所保育指針_3歳以上児_5領域_文例化初版,active,213002,
20,PLAN-REL-3-003,MONTH,21,人間関係,3,3,月のねらい,身の回りのことを保育士に見守られながら、自分でしようとする。,保育所保育指針_3歳以上児_5領域_文例化初版,active,213003,
21,PLAN-REL-3-004,MONTH,21,人間関係,3,4,月のねらい,友達のしている遊びに興味をもち、同じ場で遊ぶことを楽しむ。,保育所保育指針_3歳以上児_5領域_文例化初版,active,213004,
22,PLAN-REL-3-005,MONTH,21,人間関係,3,5,月のねらい,保育士に仲立ちされながら、自分の思いや気持ちを言葉や表情で伝えようとする。,保育所保育指針_3歳以上児_5領域_文例化初版,active,213005,
23,PLAN-REL-3-006,MONTH,21,人間関係,3,6,月のねらい,友達との関わりの中で、順番や貸し借りなどの簡単な約束に気付く。,保育所保育指針_3歳以上児_5領域_文例化初版,active,213006,
24,PLAN-REL-3-007,MONTH,21,人間関係,3,7,月のねらい,保育士や友達と一緒に活動する中で、できた喜びや認められるうれしさを感じる。,保育所保育指針_3歳以上児_5領域_文例化初版,active,213007,
25,PLAN-REL-3-008,MONTH,21,人間関係,3,8,月のねらい,友達との関わりを通して、うれしい、悔しい、困ったなどの様々な気持ちを経験する。,保育所保育指針_3歳以上児_5領域_文例化初版,active,213008,
26,PLAN-REL-4-001,MONTH,21,人間関係,4,1,月のねらい,友達と関わりながら遊ぶ楽しさを感じ、自分から遊びに参加しようとする。,保育所保育指針_3歳以上児_5領域_文例化初版,active,214001,
27,PLAN-REL-4-002,MONTH,21,人間関係,4,2,月のねらい,自分の思いを友達や保育士に伝えながら、相手の思いにも気付こうとする。,保育所保育指針_3歳以上児_5領域_文例化初版,active,214002,
28,PLAN-REL-4-003,MONTH,21,人間関係,4,3,月のねらい,友達と一緒に遊ぶ中で、順番や約束を守ることの大切さに気付く。,保育所保育指針_3歳以上児_5領域_文例化初版,active,214003,
29,PLAN-REL-4-004,MONTH,21,人間関係,4,4,月のねらい,友達と同じ目的をもって遊びを進める楽しさを味わう。,保育所保育指針_3歳以上児_5領域_文例化初版,active,214004,
30,PLAN-REL-4-005,MONTH,21,人間関係,4,5,月のねらい,友達のよさや得意なことに気付き、一緒に活動することを楽しむ。,保育所保育指針_3歳以上児_5領域_文例化初版,active,214005,
31,PLAN-REL-4-006,MONTH,21,人間関係,4,6,月のねらい,自分でできることに進んで取り組み、自信をもって行動しようとする。,保育所保育指針_3歳以上児_5領域_文例化初版,active,214006,
32,PLAN-REL-4-007,MONTH,21,人間関係,4,7,月のねらい,友達との関わりの中で、うれしさや悔しさ、葛藤を経験しながら、気持ちを調整しようとする。,保育所保育指針_3歳以上児_5領域_文例化初版,active,214007,
33,PLAN-REL-4-008,MONTH,21,人間関係,4,8,月のねらい,共同の遊具や用具を大切に使い、友達と一緒に使うことを知る。,保育所保育指針_3歳以上児_5領域_文例化初版,active,214008,
34,PLAN-REL-5-001,MONTH,21,人間関係,5,1,月のねらい,友達と共通の目的をもち、考えを出し合いながら遊びや活動を進める。,保育所保育指針_3歳以上児_5領域_文例化初版,active,215001,
35,PLAN-REL-5-002,MONTH,21,人間関係,5,2,月のねらい,自分の思いを伝えるとともに、友達の考えや気持ちを受け止めようとする。,保育所保育指針_3歳以上児_5領域_文例化初版,active,215002,
36,PLAN-REL-5-003,MONTH,21,人間関係,5,3,月のねらい,友達と協力しながら活動を進め、やり遂げる喜びや達成感を味わう。,保育所保育指針_3歳以上児_5領域_文例化初版,active,215003,
37,PLAN-REL-5-004,MONTH,21,人間関係,5,4,月のねらい,集団生活の中で必要なきまりに気付き、自分たちで守ろうとする。,保育所保育指針_3歳以上児_5領域_文例化初版,active,215004,
38,PLAN-REL-5-005,MONTH,21,人間関係,5,5,月のねらい,友達のよさや役割に気付き、互いに認め合いながら活動する。,保育所保育指針_3歳以上児_5領域_文例化初版,active,215005,
39,PLAN-REL-5-006,MONTH,21,人間関係,5,6,月のねらい,思い通りにならない場面でも、友達と話し合ったり工夫したりして解決しようとする。,保育所保育指針_3歳以上児_5領域_文例化初版,active,215006,
40,PLAN-REL-5-007,MONTH,21,人間関係,5,7,月のねらい,自分で考えて行動し、生活や遊びの中で年長児としての自信をもつ。,保育所保育指針_3歳以上児_5領域_文例化初版,active,215007,
41,PLAN-REL-5-008,MONTH,21,人間関係,5,8,月のねらい,身近な人や地域の人との関わりを通して、人と関わる楽しさや役に立つ喜びを感じる。,保育所保育指針_3歳以上児_5領域_文例化初版,active,215008,
42,PLAN-ENV-3-001,MONTH,31,環境,3,1,月のねらい,身近な自然や物に興味をもち、見たり触れたりしながら遊ぶことを楽しむ。,保育所保育指針_3歳以上児_5領域_文例化初版,active,313001,
43,PLAN-ENV-3-002,MONTH,31,環境,3,2,月のねらい,園庭や散歩先で見つけた草花、虫、石、木の実などに親しみ、保育士と一緒に発見を喜ぶ。,保育所保育指針_3歳以上児_5領域_文例化初版,active,313002,
44,PLAN-ENV-3-003,MONTH,31,環境,3,3,月のねらい,身近な物や遊具に関わりながら、形、色、大きさ、感触の違いに気付く。,保育所保育指針_3歳以上児_5領域_文例化初版,active,313003,
45,PLAN-ENV-3-004,MONTH,31,環境,3,4,月のねらい,季節の自然に触れ、気温や草花、虫などの変化を感じる。,保育所保育指針_3歳以上児_5領域_文例化初版,active,313004,
46,PLAN-ENV-3-005,MONTH,31,環境,3,5,月のねらい,身近な動植物に親しみをもち、保育士と一緒に世話をしたり、大切にしようとしたりする。,保育所保育指針_3歳以上児_5領域_文例化初版,active,313005,
47,PLAN-ENV-3-006,MONTH,31,環境,3,6,月のねらい,生活や遊びの中で、身近な物を使ったり片付けたりしながら、物を大切にする気持ちをもつ。,保育所保育指針_3歳以上児_5領域_文例化初版,active,313006,
48,PLAN-ENV-3-007,MONTH,31,環境,3,7,月のねらい,絵本、表示、マークなどに興味をもち、保育士と一緒に見たり探したりすることを楽しむ。,保育所保育指針_3歳以上児_5領域_文例化初版,active,313007,
49,PLAN-ENV-3-008,MONTH,31,環境,3,8,月のねらい,行事や季節の遊びに参加し、身近な文化や伝統に親しむ。,保育所保育指針_3歳以上児_5領域_文例化初版,active,313008,
50,PLAN-ENV-4-001,MONTH,31,環境,4,1,月のねらい,身近な自然や事象に興味をもち、見つけたことや気付いたことを友達や保育士に伝えようとする。,保育所保育指針_3歳以上児_5領域_文例化初版,active,314001,
51,PLAN-ENV-4-002,MONTH,31,環境,4,2,月のねらい,季節による自然や生活の変化に気付き、遊びや生活に取り入れることを楽しむ。,保育所保育指針_3歳以上児_5領域_文例化初版,active,314002,
52,PLAN-ENV-4-003,MONTH,31,環境,4,3,月のねらい,身近な物の性質や仕組みに興味をもち、試したり比べたりしながら遊ぶ。,保育所保育指針_3歳以上児_5領域_文例化初版,active,314003,
53,PLAN-ENV-4-004,MONTH,31,環境,4,4,月のねらい,草花や虫、小動物などに親しみをもち、世話や観察を通して生命を大切にしようとする。,保育所保育指針_3歳以上児_5領域_文例化初版,active,314004,
54,PLAN-ENV-4-005,MONTH,31,環境,4,5,月のねらい,砂、水、土、木の実、葉などの自然物を使って、工夫して遊ぶことを楽しむ。,保育所保育指針_3歳以上児_5領域_文例化初版,active,314005,
55,PLAN-ENV-4-006,MONTH,31,環境,4,6,月のねらい,数量、形、長さ、多さ、順番などに関心をもち、生活や遊びの中で気付いたり比べたりする。,保育所保育指針_3歳以上児_5領域_文例化初版,active,314006,
56,PLAN-ENV-4-007,MONTH,31,環境,4,7,月のねらい,身近な標識、文字、数字、マークなどに興味をもち、生活の中で意味に気付こうとする。,保育所保育指針_3歳以上児_5領域_文例化初版,active,314007,
57,PLAN-ENV-4-008,MONTH,31,環境,4,8,月のねらい,地域の行事や季節の行事に親しみ、身近な文化や伝統に興味をもつ。,保育所保育指針_3歳以上児_5領域_文例化初版,active,314008,
58,PLAN-ENV-5-001,MONTH,31,環境,5,1,月のねらい,身近な自然や社会の出来事に関心をもち、気付いたことを考えたり友達と伝え合ったりする。,保育所保育指針_3歳以上児_5領域_文例化初版,active,315001,
59,PLAN-ENV-5-002,MONTH,31,環境,5,2,月のねらい,自然の変化や物の性質に興味をもち、予想したり試したりしながら遊びを深める。,保育所保育指針_3歳以上児_5領域_文例化初版,active,315002,
60,PLAN-ENV-5-003,MONTH,31,環境,5,3,月のねらい,身近な物や素材を使い、比べたり組み合わせたりしながら、自分なりに工夫して遊ぶ。,保育所保育指針_3歳以上児_5領域_文例化初版,active,315003,
61,PLAN-ENV-5-004,MONTH,31,環境,5,4,月のねらい,動植物の成長や変化に関心をもち、世話や観察を通して生命の大切さに気付く。,保育所保育指針_3歳以上児_5領域_文例化初版,active,315004,
62,PLAN-ENV-5-005,MONTH,31,環境,5,5,月のねらい,数量、図形、文字、標識などに関心をもち、遊びや生活の中で必要に応じて使おうとする。,保育所保育指針_3歳以上児_5領域_文例化初版,active,315005,
63,PLAN-ENV-5-006,MONTH,31,環境,5,6,月のねらい,友達と考えを出し合いながら、試したことや発見したことを遊びや活動に取り入れる。,保育所保育指針_3歳以上児_5領域_文例化初版,active,315006,
64,PLAN-ENV-5-007,MONTH,31,環境,5,7,月のねらい,地域の施設、行事、働く人などに関心をもち、自分たちの生活とのつながりに気付く。,保育所保育指針_3歳以上児_5領域_文例化初版,active,315007,
65,PLAN-ENV-5-008,MONTH,31,環境,5,8,月のねらい,日本の伝統行事や文化、異なる文化に触れ、身近な社会への関心を広げる。,保育所保育指針_3歳以上児_5領域_文例化初版,active,315008,
66,PLAN-LANG-3-001,MONTH,41,言葉,3,1,月のねらい,保育士との安心できる関わりの中で、自分の思いやしてほしいことを言葉や表情で伝えようとする。,保育所保育指針_3歳以上児_5領域_文例化初版,active,413001,
67,PLAN-LANG-3-002,MONTH,41,言葉,3,2,月のねらい,保育士や友達の言葉に親しみをもち、聞いたりまねて話したりすることを楽しむ。,保育所保育指針_3歳以上児_5領域_文例化初版,active,413002,
68,PLAN-LANG-3-003,MONTH,41,言葉,3,3,月のねらい,生活や遊びの中で、あいさつや返事などの身近な言葉を使おうとする。,保育所保育指針_3歳以上児_5領域_文例化初版,active,413003,
69,PLAN-LANG-3-004,MONTH,41,言葉,3,4,月のねらい,見たこと、聞いたこと、感じたことを、自分なりの言葉で保育士に伝えようとする。,保育所保育指針_3歳以上児_5領域_文例化初版,active,413004,
70,PLAN-LANG-3-005,MONTH,41,言葉,3,5,月のねらい,絵本や紙芝居に親しみ、保育士と一緒に言葉の響きや繰り返しを楽しむ。,保育所保育指針_3歳以上児_5領域_文例化初版,active,413005,
71,PLAN-LANG-3-006,MONTH,41,言葉,3,6,月のねらい,友達との関わりの中で、貸して、入れて、待ってなど、生活に必要な言葉を使おうとする。,保育所保育指針_3歳以上児_5領域_文例化初版,active,413006,
72,PLAN-LANG-3-007,MONTH,41,言葉,3,7,月のねらい,保育士に気持ちを受け止められながら、うれしい、いやだ、困ったなどの思いを言葉にしようとする。,保育所保育指針_3歳以上児_5領域_文例化初版,active,413007,
73,PLAN-LANG-3-008,MONTH,41,言葉,3,8,月のねらい,歌、手遊び、言葉遊びを通して、言葉のリズムや響きを楽しむ。,保育所保育指針_3歳以上児_5領域_文例化初版,active,413008,
74,PLAN-LANG-4-001,MONTH,41,言葉,4,1,月のねらい,自分の経験したことや感じたことを、保育士や友達に言葉で伝えることを楽しむ。,保育所保育指針_3歳以上児_5領域_文例化初版,active,414001,
75,PLAN-LANG-4-002,MONTH,41,言葉,4,2,月のねらい,友達の話に耳を傾け、相手の思いや考えに気付こうとする。,保育所保育指針_3歳以上児_5領域_文例化初版,active,414002,
76,PLAN-LANG-4-003,MONTH,41,言葉,4,3,月のねらい,遊びや生活の中で、必要な言葉を使いながら友達とやり取りする。,保育所保育指針_3歳以上児_5領域_文例化初版,active,414003,
77,PLAN-LANG-4-004,MONTH,41,言葉,4,4,月のねらい,したいことや困っていることを言葉で伝え、保育士や友達と関わろうとする。,保育所保育指針_3歳以上児_5領域_文例化初版,active,414004,
78,PLAN-LANG-4-005,MONTH,41,言葉,4,5,月のねらい,絵本や物語に親しみ、登場人物の気持ちや話の展開を楽しむ。,保育所保育指針_3歳以上児_5領域_文例化初版,active,414005,
79,PLAN-LANG-4-006,MONTH,41,言葉,4,6,月のねらい,言葉遊びや歌、リズムのある言葉に親しみ、言葉の面白さに気付く。,保育所保育指針_3歳以上児_5領域_文例化初版,active,414006,
80,PLAN-LANG-4-007,MONTH,41,言葉,4,7,月のねらい,生活の中で、文字、数字、マークなどに興味をもち、意味に気付こうとする。,保育所保育指針_3歳以上児_5領域_文例化初版,active,414007,
81,PLAN-LANG-4-008,MONTH,41,言葉,4,8,月のねらい,友達と相談したり、考えを伝え合ったりしながら、遊びを進める楽しさを味わう。,保育所保育指針_3歳以上児_5領域_文例化初版,active,414008,
82,PLAN-LANG-5-001,MONTH,41,言葉,5,1,月のねらい,自分の考えや経験を相手に分かるように話し、伝え合う喜びを味わう。,保育所保育指針_3歳以上児_5領域_文例化初版,active,415001,
83,PLAN-LANG-5-002,MONTH,41,言葉,5,2,月のねらい,友達の話を注意して聞き、相手の思いや考えを受け止めながら関わろうとする。,保育所保育指針_3歳以上児_5領域_文例化初版,active,415002,
84,PLAN-LANG-5-003,MONTH,41,言葉,5,3,月のねらい,友達と話し合いながら、遊びや活動の進め方を考えたり決めたりする。,保育所保育指針_3歳以上児_5領域_文例化初版,active,415003,
85,PLAN-LANG-5-004,MONTH,41,言葉,5,4,月のねらい,生活や遊びの中で必要な言葉を使い、目的に応じて伝え方を工夫しようとする。,保育所保育指針_3歳以上児_5領域_文例化初版,active,415004,
86,PLAN-LANG-5-005,MONTH,41,言葉,5,5,月のねらい,絵本や物語に親しみ、内容と自分の経験を結び付けたり、想像を広げたりする。,保育所保育指針_3歳以上児_5領域_文例化初版,active,415005,
87,PLAN-LANG-5-006,MONTH,41,言葉,5,6,月のねらい,言葉の響き、リズム、新しい表現に関心をもち、自分でも使ってみようとする。,保育所保育指針_3歳以上児_5領域_文例化初版,active,415006,
88,PLAN-LANG-5-007,MONTH,41,言葉,5,7,月のねらい,文字や記号を使って、思ったことや考えたことを伝える楽しさを味わう。,保育所保育指針_3歳以上児_5領域_文例化初版,active,415007,
89,PLAN-LANG-5-008,MONTH,41,言葉,5,8,月のねらい,友達と意見を出し合い、相手に分かるように説明したり、話をまとめたりしようとする。,保育所保育指針_3歳以上児_5領域_文例化初版,active,415008,
90,PLAN-EXPR-3-001,MONTH,51,表現,3,1,月のねらい,身近な音、色、形、手触りなどに興味をもち、見たり触れたりすることを楽しむ。,保育所保育指針_3歳以上児_5領域_文例化初版,active,513001,
91,PLAN-EXPR-3-002,MONTH,51,表現,3,2,月のねらい,保育士と一緒に歌ったり、手遊びをしたりしながら、音やリズムの楽しさを感じる。,保育所保育指針_3歳以上児_5領域_文例化初版,active,513002,
92,PLAN-EXPR-3-003,MONTH,51,表現,3,3,月のねらい,クレヨン、紙、粘土、絵の具などに親しみ、かいたり、つくったりすることを楽しむ。,保育所保育指針_3歳以上児_5領域_文例化初版,active,513003,
93,PLAN-EXPR-3-004,MONTH,51,表現,3,4,月のねらい,感じたことや思ったことを、動き、表情、言葉、しぐさなどで自分なりに表そうとする。,保育所保育指針_3歳以上児_5領域_文例化初版,active,513004,
94,PLAN-EXPR-3-005,MONTH,51,表現,3,5,月のねらい,身近な素材を使って遊び、並べる、丸める、貼る、ちぎるなどの感触や動きを楽しむ。,保育所保育指針_3歳以上児_5領域_文例化初版,active,513005,
95,PLAN-EXPR-3-006,MONTH,51,表現,3,6,月のねらい,保育士や友達と一緒に、見立て遊びやごっこ遊びを楽しむ。,保育所保育指針_3歳以上児_5領域_文例化初版,active,513006,
96,PLAN-EXPR-3-007,MONTH,51,表現,3,7,月のねらい,自分でつくったものを保育士に見せたり、遊びに使ったりする喜びを感じる。,保育所保育指針_3歳以上児_5領域_文例化初版,active,513007,
97,PLAN-EXPR-3-008,MONTH,51,表現,3,8,月のねらい,自然の音や色、季節の美しさに触れ、感じたことを保育士と共有する。,保育所保育指針_3歳以上児_5領域_文例化初版,active,513008,
98,PLAN-EXPR-4-001,MONTH,51,表現,4,1,月のねらい,身近な自然や生活の中で感じたことを、言葉、動き、音、制作などで表現することを楽しむ。,保育所保育指針_3歳以上児_5領域_文例化初版,active,514001,
99,PLAN-EXPR-4-002,MONTH,51,表現,4,2,月のねらい,歌を歌ったり、簡単なリズム楽器を使ったりして、音楽に親しむ。,保育所保育指針_3歳以上児_5領域_文例化初版,active,514002,
100,PLAN-EXPR-4-003,MONTH,51,表現,4,3,月のねらい,いろいろな素材に触れ、組み合わせたり工夫したりしながらつくることを楽しむ。,保育所保育指針_3歳以上児_5領域_文例化初版,active,514003,
101,PLAN-EXPR-4-004,MONTH,51,表現,4,4,月のねらい,自分のイメージをもって、かいたり、つくったり、飾ったりすることを楽しむ。,保育所保育指針_3歳以上児_5領域_文例化初版,active,514004,
102,PLAN-EXPR-4-005,MONTH,51,表現,4,5,月のねらい,友達の表現に興味をもち、見たりまねたりしながら表現の幅を広げる。,保育所保育指針_3歳以上児_5領域_文例化初版,active,514005,
103,PLAN-EXPR-4-006,MONTH,51,表現,4,6,月のねらい,ごっこ遊びや劇遊びの中で、役になりきったり、言葉や動きで表したりする楽しさを味わう。,保育所保育指針_3歳以上児_5領域_文例化初版,active,514006,
104,PLAN-EXPR-4-007,MONTH,51,表現,4,7,月のねらい,感動したことや楽しかったことを、保育士や友達に伝えようとする。,保育所保育指針_3歳以上児_5領域_文例化初版,active,514007,
105,PLAN-EXPR-4-008,MONTH,51,表現,4,8,月のねらい,季節の自然や行事に触れ、感じたことを制作や遊びに取り入れる。,保育所保育指針_3歳以上児_5領域_文例化初版,active,514008,
106,PLAN-EXPR-5-001,MONTH,51,表現,5,1,月のねらい,自分の感じたことや考えたことを、目的やイメージに合わせて表現することを楽しむ。,保育所保育指針_3歳以上児_5領域_文例化初版,active,515001,
107,PLAN-EXPR-5-002,MONTH,51,表現,5,2,月のねらい,友達とイメージを共有しながら、制作、音楽、劇遊びなどを工夫して進める。,保育所保育指針_3歳以上児_5領域_文例化初版,active,515002,
108,PLAN-EXPR-5-003,MONTH,51,表現,5,3,月のねらい,様々な素材や用具の特徴を生かし、自分なりに考えてつくったり表したりする。,保育所保育指針_3歳以上児_5領域_文例化初版,active,515003,
109,PLAN-EXPR-5-004,MONTH,51,表現,5,4,月のねらい,歌、リズム、楽器、身体表現などを通して、友達と一緒に表現する楽しさや達成感を味わう。,保育所保育指針_3歳以上児_5領域_文例化初版,active,515004,
110,PLAN-EXPR-5-005,MONTH,51,表現,5,5,月のねらい,物語や経験した出来事をもとに、役割や場面を考えながら演じることを楽しむ。,保育所保育指針_3歳以上児_5領域_文例化初版,active,515005,
111,PLAN-EXPR-5-006,MONTH,51,表現,5,6,月のねらい,自分や友達の表現のよさに気付き、認め合いながら活動する。,保育所保育指針_3歳以上児_5領域_文例化初版,active,515006,
112,PLAN-EXPR-5-007,MONTH,51,表現,5,7,月のねらい,季節や行事、自然の美しさから感じたことを、制作や遊びに取り入れて表現する。,保育所保育指針_3歳以上児_5領域_文例化初版,active,515007,
113,PLAN-EXPR-5-008,MONTH,51,表現,5,8,月のねらい,つくったものを遊びに使ったり、飾ったり、発表したりして、表現する喜びを味わう。,保育所保育指針_3歳以上児_5領域_文例化初版,active,515008,
114,PLAN-YEAR-3-001,YEAR,0,総合,3,1,年間計画,安心できる保育士との関わりの中で、身の回りのことを自分でしようとする。,年齢別の姿_年間目標文例初版,active,903001,年間目標（5領域横断）
115,PLAN-YEAR-3-002,YEAR,0,総合,3,2,年間計画,食事、排せつ、着脱、片付けなどの基本的な生活習慣を、保育士に見守られながら身に付けていく。,年齢別の姿_年間目標文例初版,active,903002,年間目標（5領域横断）
116,PLAN-YEAR-3-003,YEAR,0,総合,3,3,年間計画,「自分でできた」という喜びを味わいながら、自信をもって生活しようとする。,年齢別の姿_年間目標文例初版,active,903003,年間目標（5領域横断）
117,PLAN-YEAR-3-004,YEAR,0,総合,3,4,年間計画,園生活の流れに親しみ、安心して一日を過ごす。,年齢別の姿_年間目標文例初版,active,903004,年間目標（5領域横断）
118,PLAN-YEAR-3-005,YEAR,0,総合,3,5,年間計画,戸外遊びや運動遊びを通して、走る、跳ぶ、登るなど全身を使って遊ぶ楽しさを味わう。,年齢別の姿_年間目標文例初版,active,903005,年間目標（5領域横断）
119,PLAN-YEAR-3-006,YEAR,0,総合,3,6,年間計画,自分の体を動かすことを楽しみながら、できることが増える喜びを感じる。,年齢別の姿_年間目標文例初版,active,903006,年間目標（5領域横断）
120,PLAN-YEAR-3-007,YEAR,0,総合,3,7,年間計画,保育士や友達との言葉のやり取りを楽しみ、自分の思いや要求を言葉で伝えようとする。,年齢別の姿_年間目標文例初版,active,903007,年間目標（5領域横断）
121,PLAN-YEAR-3-008,YEAR,0,総合,3,8,年間計画,「なぜ」「どうして」という興味や疑問を大切にし、身近な物事に関わろうとする。,年齢別の姿_年間目標文例初版,active,903008,年間目標（5領域横断）
122,PLAN-YEAR-3-009,YEAR,0,総合,3,9,年間計画,身近な自然や物に見たり触れたりしながら関わり、発見する楽しさを味わう。,年齢別の姿_年間目標文例初版,active,903009,年間目標（5領域横断）
123,PLAN-YEAR-3-010,YEAR,0,総合,3,10,年間計画,友達と同じ場で遊ぶことを楽しみ、少しずつ友達への関心を広げる。,年齢別の姿_年間目標文例初版,active,903010,年間目標（5領域横断）
124,PLAN-YEAR-3-011,YEAR,0,総合,3,11,年間計画,保育士に仲立ちされながら、友達と一緒に遊ぶ楽しさや関わる喜びを感じる。,年齢別の姿_年間目標文例初版,active,903011,年間目標（5領域横断）
125,PLAN-YEAR-3-012,YEAR,0,総合,3,12,年間計画,ごっこ遊びや見立て遊びを通して、友達と言葉を交わしながら遊ぶ楽しさを味わう。,年齢別の姿_年間目標文例初版,active,903012,年間目標（5領域横断）
126,PLAN-YEAR-3-013,YEAR,0,総合,3,13,年間計画,「ぼく」「わたし」という自己の認識をもち、自分の思いや気持ちを表そうとする。,年齢別の姿_年間目標文例初版,active,903013,年間目標（5領域横断）
127,PLAN-YEAR-3-014,YEAR,0,総合,3,14,年間計画,うれしい、いやだ、困ったなどの気持ちを受け止められながら、少しずつ言葉で表現しようとする。,年齢別の姿_年間目標文例初版,active,903014,年間目標（5領域横断）
128,PLAN-YEAR-3-015,YEAR,0,総合,3,15,年間計画,保育士や友達と安心して過ごす中で、生活や遊びに主体的に関わろうとする。,年齢別の姿_年間目標文例初版,active,903015,年間目標（5領域横断）
129,PLAN-YEAR-4-001,YEAR,0,総合,4,1,年間計画,一日の生活の流れを少しずつ見通し、自分で考えて行動しようとする。,年齢別の姿_年間目標文例初版,active,904001,年間目標（5領域横断）
130,PLAN-YEAR-4-002,YEAR,0,総合,4,2,年間計画,身の回りのことや生活に必要なことに気付き、進んで取り組もうとする。,年齢別の姿_年間目標文例初版,active,904002,年間目標（5領域横断）
131,PLAN-YEAR-4-003,YEAR,0,総合,4,3,年間計画,生活や遊びの中で、順番、約束、役割などを意識しながら行動しようとする。,年齢別の姿_年間目標文例初版,active,904003,年間目標（5領域横断）
132,PLAN-YEAR-4-004,YEAR,0,総合,4,4,年間計画,体を巧みに使う遊びを通して、いろいろな動きに挑戦し、できる喜びを味わう。,年齢別の姿_年間目標文例初版,active,904004,年間目標（5領域横断）
133,PLAN-YEAR-4-005,YEAR,0,総合,4,5,年間計画,走る、跳ぶ、投げる、支える、バランスを取るなど、複数の動きを組み合わせて遊ぶ楽しさを味わう。,年齢別の姿_年間目標文例初版,active,904005,年間目標（5領域横断）
134,PLAN-YEAR-4-006,YEAR,0,総合,4,6,年間計画,友達と一緒に体を動かして遊び、遊びの中で約束を守る大切さに気付く。,年齢別の姿_年間目標文例初版,active,904006,年間目標（5領域横断）
135,PLAN-YEAR-4-007,YEAR,0,総合,4,7,年間計画,自分の経験したことを言葉で伝え、保育士や友達とやり取りする楽しさを味わう。,年齢別の姿_年間目標文例初版,active,904007,年間目標（5領域横断）
136,PLAN-YEAR-4-008,YEAR,0,総合,4,8,年間計画,「いつ、どこで、だれが、何をしたか」などを言葉にしながら、経験を伝えようとする。,年齢別の姿_年間目標文例初版,active,904008,年間目標（5領域横断）
137,PLAN-YEAR-4-009,YEAR,0,総合,4,9,年間計画,身近な自然や生き物、物の仕組みに関心をもち、試したり調べたりする楽しさを味わう。,年齢別の姿_年間目標文例初版,active,904009,年間目標（5領域横断）
138,PLAN-YEAR-4-010,YEAR,0,総合,4,10,年間計画,イメージを膨らませ、友達と共有しながら、ごっこ遊びや表現遊びを楽しむ。,年齢別の姿_年間目標文例初版,active,904010,年間目標（5領域横断）
139,PLAN-YEAR-4-011,YEAR,0,総合,4,11,年間計画,友達と思いを伝え合いながら、同じ遊びを一緒に進める楽しさを味わう。,年齢別の姿_年間目標文例初版,active,904011,年間目標（5領域横断）
140,PLAN-YEAR-4-012,YEAR,0,総合,4,12,年間計画,友達との関わりの中で葛藤を経験しながら、自分の気持ちを調整しようとする。,年齢別の姿_年間目標文例初版,active,904012,年間目標（5領域横断）
141,PLAN-YEAR-4-013,YEAR,0,総合,4,13,年間計画,友達の気持ちに気付き、譲ったり待ったりしながら関わろうとする。,年齢別の姿_年間目標文例初版,active,904013,年間目標（5領域横断）
142,PLAN-YEAR-4-014,YEAR,0,総合,4,14,年間計画,自分の思いを大切にしながら、相手の思いにも気付いて関わろうとする。,年齢別の姿_年間目標文例初版,active,904014,年間目標（5領域横断）
143,PLAN-YEAR-4-015,YEAR,0,総合,4,15,年間計画,生活や遊びの中で、自分なりに考えたり工夫したりしながら、友達と一緒に活動する。,年齢別の姿_年間目標文例初版,active,904015,年間目標（5領域横断）
144,PLAN-YEAR-5-001,YEAR,0,総合,5,1,年間計画,年長児としての自覚をもち、生活や遊びを自分たちで進めようとする。,年齢別の姿_年間目標文例初版,active,905001,年間目標（5領域横断）
145,PLAN-YEAR-5-002,YEAR,0,総合,5,2,年間計画,当番活動や係活動などを通して、クラスの一員として役割を果たす喜びを味わう。,年齢別の姿_年間目標文例初版,active,905002,年間目標（5領域横断）
146,PLAN-YEAR-5-003,YEAR,0,総合,5,3,年間計画,生活の流れや活動の見通しをもち、自分で考えて行動する。,年齢別の姿_年間目標文例初版,active,905003,年間目標（5領域横断）
147,PLAN-YEAR-5-004,YEAR,0,総合,5,4,年間計画,友達と役割を分担しながら、生活や遊びを共に作り上げようとする。,年齢別の姿_年間目標文例初版,active,905004,年間目標（5領域横断）
148,PLAN-YEAR-5-005,YEAR,0,総合,5,5,年間計画,竹馬、縄跳び、鬼遊びなど、複雑な動きや継続的な運動に挑戦し、達成感を味わう。,年齢別の姿_年間目標文例初版,active,905005,年間目標（5領域横断）
149,PLAN-YEAR-5-006,YEAR,0,総合,5,6,年間計画,自分の体の動きを調整しながら、目的に向かって繰り返し取り組もうとする。,年齢別の姿_年間目標文例初版,active,905006,年間目標（5領域横断）
150,PLAN-YEAR-5-007,YEAR,0,総合,5,7,年間計画,友達と目標を共有し、励まし合いながら活動に取り組む楽しさを味わう。,年齢別の姿_年間目標文例初版,active,905007,年間目標（5領域横断）
151,PLAN-YEAR-5-008,YEAR,0,総合,5,8,年間計画,自分の思いや考えを言葉で表現し、相手に分かるように伝えようとする。,年齢別の姿_年間目標文例初版,active,905008,年間目標（5領域横断）
152,PLAN-YEAR-5-009,YEAR,0,総合,5,9,年間計画,友達の話を聞き、考えを受け止めながら、話し合って活動を進めようとする。,年齢別の姿_年間目標文例初版,active,905009,年間目標（5領域横断）
153,PLAN-YEAR-5-010,YEAR,0,総合,5,10,年間計画,言葉を使って考えたり、説明したり、遊びや活動の進め方を相談しようとする。,年齢別の姿_年間目標文例初版,active,905010,年間目標（5領域横断）
154,PLAN-YEAR-5-011,YEAR,0,総合,5,11,年間計画,文字や記号、簡単な読み書きに親しみ、生活や遊びの中で使う楽しさを味わう。,年齢別の姿_年間目標文例初版,active,905011,年間目標（5領域横断）
155,PLAN-YEAR-5-012,YEAR,0,総合,5,12,年間計画,身近な自然や物事に対して予想したり試したりしながら、考える力や探究心をもつ。,年齢別の姿_年間目標文例初版,active,905012,年間目標（5領域横断）
156,PLAN-YEAR-5-013,YEAR,0,総合,5,13,年間計画,友達と共通の目的をもち、考えを出し合いながら協同的に活動しようとする。,年齢別の姿_年間目標文例初版,active,905013,年間目標（5領域横断）
157,PLAN-YEAR-5-014,YEAR,0,総合,5,14,年間計画,友達の気持ちや立場を理解し、互いに認め合いながら関わろうとする。,年齢別の姿_年間目標文例初版,active,905014,年間目標（5領域横断）
158,PLAN-YEAR-5-015,YEAR,0,総合,5,15,年間計画,クラスの仲間と力を合わせて活動をやり遂げる中で、充実感や達成感を味わう。,年齢別の姿_年間目標文例初版,active,905015,年間目標（5領域横断）
159,PLAN-YEAR-5-016,YEAR,0,総合,5,16,年間計画,年下の子や身近な人との関わりを通して、思いやりや役に立つ喜びを感じる。,年齢別の姿_年間目標文例初版,active,905016,年間目標（5領域横断）
160,PLAN-YEAR-5-017,YEAR,0,総合,5,17,年間計画,自分たちで課題に気付き、相談したり工夫したりしながら解決しようとする。,年齢別の姿_年間目標文例初版,active,905017,年間目標（5領域横断）
161,PLAN-YEAR-5-018,YEAR,0,総合,5,18,年間計画,就学に向けて、生活への見通し、自分で考える力、友達と協力する力をもつ。,年齢別の姿_年間目標文例初版,active,905018,年間目標（5領域横断）
162,PLAN-TERM-3-Q1-001,TERM,0,総合,3,1,4〜6月のねらい,新しい保育室や保育士との関わりの中で安心して過ごし、園生活の流れに少しずつ慣れていく。,季節ごとの保育所の様子_四半期計画文例初版,active,803101,四半期計画（5領域横断）
163,PLAN-TERM-3-Q1-002,TERM,0,総合,3,2,4〜6月のねらい,保育士に見守られながら、食事、排せつ、着脱、片付けなど身の回りのことを自分でしようとする。,季節ごとの保育所の様子_四半期計画文例初版,active,803102,四半期計画（5領域横断）
164,PLAN-TERM-3-Q1-003,TERM,0,総合,3,3,4〜6月のねらい,好きな遊びや安心できる場所を見つけ、保育士や友達と一緒に遊ぶ楽しさを感じる。,季節ごとの保育所の様子_四半期計画文例初版,active,803103,四半期計画（5領域横断）
165,PLAN-TERM-3-Q1-004,TERM,0,総合,3,4,4〜6月のねらい,戸外で春の自然に触れながら、走る、歩く、登るなど体を動かして遊ぶ心地よさを味わう。,季節ごとの保育所の様子_四半期計画文例初版,active,803104,四半期計画（5領域横断）
166,PLAN-TERM-3-Q1-005,TERM,0,総合,3,5,4〜6月のねらい,雨の日や梅雨時期の自然に興味をもち、見たり触れたりしながら発見を楽しむ。,季節ごとの保育所の様子_四半期計画文例初版,active,803105,四半期計画（5領域横断）
167,PLAN-TERM-3-Q2-001,TERM,0,総合,3,1,7〜9月のねらい,水遊びや泥んこ遊びを通して、水や砂、泥などの感触を十分に味わいながら遊ぶ。,季節ごとの保育所の様子_四半期計画文例初版,active,803201,四半期計画（5領域横断）
168,PLAN-TERM-3-Q2-002,TERM,0,総合,3,2,7〜9月のねらい,暑い時期の生活に慣れ、水分補給や休息を取りながら健康に過ごそうとする。,季節ごとの保育所の様子_四半期計画文例初版,active,803202,四半期計画（5領域横断）
169,PLAN-TERM-3-Q2-003,TERM,0,総合,3,3,7〜9月のねらい,夏ならではの行事や遊びに参加し、保育士や友達と一緒に楽しむ。,季節ごとの保育所の様子_四半期計画文例初版,active,803203,四半期計画（5領域横断）
170,PLAN-TERM-3-Q2-004,TERM,0,総合,3,4,7〜9月のねらい,久しぶりに会う友達や保育士との関わりを喜び、安心して園生活を再開する。,季節ごとの保育所の様子_四半期計画文例初版,active,803204,四半期計画（5領域横断）
171,PLAN-TERM-3-Q2-005,TERM,0,総合,3,5,7〜9月のねらい,夏から秋への自然の変化に気付き、空、風、虫、草花などに興味をもつ。,季節ごとの保育所の様子_四半期計画文例初版,active,803205,四半期計画（5領域横断）
172,PLAN-TERM-3-Q3-001,TERM,0,総合,3,1,10〜12月のねらい,気候のよい季節に、戸外で体を動かして遊ぶ楽しさを十分に味わう。,季節ごとの保育所の様子_四半期計画文例初版,active,803301,四半期計画（5領域横断）
173,PLAN-TERM-3-Q3-002,TERM,0,総合,3,2,10〜12月のねらい,簡単なルールのある遊びに参加し、保育士や友達と一緒に遊ぶ楽しさを感じる。,季節ごとの保育所の様子_四半期計画文例初版,active,803302,四半期計画（5領域横断）
174,PLAN-TERM-3-Q3-003,TERM,0,総合,3,3,10〜12月のねらい,木の実や落ち葉など秋の自然物に触れ、見立てたり並べたりしながら遊びに取り入れる。,季節ごとの保育所の様子_四半期計画文例初版,active,803303,四半期計画（5領域横断）
175,PLAN-TERM-3-Q3-004,TERM,0,総合,3,4,10〜12月のねらい,寒さに負けず体を動かして遊び、健康に過ごす心地よさを感じる。,季節ごとの保育所の様子_四半期計画文例初版,active,803304,四半期計画（5領域横断）
176,PLAN-TERM-3-Q3-005,TERM,0,総合,3,5,10〜12月のねらい,手洗い、うがい、衣服の調整など、健康に過ごすための習慣を保育士と一緒に行おうとする。,季節ごとの保育所の様子_四半期計画文例初版,active,803305,四半期計画（5領域横断）
177,PLAN-TERM-3-Q4-001,TERM,0,総合,3,1,1〜3月のねらい,正月遊びや伝承遊びに親しみ、保育士や友達と一緒に繰り返し楽しむ。,季節ごとの保育所の様子_四半期計画文例初版,active,803401,四半期計画（5領域横断）
178,PLAN-TERM-3-Q4-002,TERM,0,総合,3,2,1〜3月のねらい,できるようになったことを喜び、自分でしようとする気持ちや自信をもって生活する。,季節ごとの保育所の様子_四半期計画文例初版,active,803402,四半期計画（5領域横断）
179,PLAN-TERM-3-Q4-003,TERM,0,総合,3,3,1〜3月のねらい,友達との関わりを広げ、一緒に遊ぶ楽しさや同じ場で過ごす心地よさを味わう。,季節ごとの保育所の様子_四半期計画文例初版,active,803403,四半期計画（5領域横断）
180,PLAN-TERM-3-Q4-004,TERM,0,総合,3,4,1〜3月のねらい,春の気配や身近な自然の変化に気付き、進級への期待をもちながら過ごす。,季節ごとの保育所の様子_四半期計画文例初版,active,803404,四半期計画（5領域横断）
181,PLAN-TERM-3-Q4-005,TERM,0,総合,3,5,1〜3月のねらい,3歳児クラスでの生活を振り返り、安心した関わりの中で進級に向かおうとする。,季節ごとの保育所の様子_四半期計画文例初版,active,803405,四半期計画（5領域横断）
182,PLAN-TERM-4-Q1-001,TERM,0,総合,4,1,4〜6月のねらい,新しい生活の流れに慣れ、自分でできることに進んで取り組もうとする。,季節ごとの保育所の様子_四半期計画文例初版,active,804101,四半期計画（5領域横断）
183,PLAN-TERM-4-Q1-002,TERM,0,総合,4,2,4〜6月のねらい,保育士や友達との関わりの中で安心して過ごし、好きな遊びを見つけて楽しむ。,季節ごとの保育所の様子_四半期計画文例初版,active,804102,四半期計画（5領域横断）
184,PLAN-TERM-4-Q1-003,TERM,0,総合,4,3,4〜6月のねらい,友達と一緒に遊ぶ中で、自分の思いを伝えたり、相手の思いに気付いたりする。,季節ごとの保育所の様子_四半期計画文例初版,active,804103,四半期計画（5領域横断）
185,PLAN-TERM-4-Q1-004,TERM,0,総合,4,4,4〜6月のねらい,春から梅雨にかけての自然に興味をもち、気付いたことや感じたことを言葉で伝えようとする。,季節ごとの保育所の様子_四半期計画文例初版,active,804104,四半期計画（5領域横断）
186,PLAN-TERM-4-Q1-005,TERM,0,総合,4,5,4〜6月のねらい,戸外遊びや室内での運動遊びを通して、いろいろな動きに挑戦する。,季節ごとの保育所の様子_四半期計画文例初版,active,804105,四半期計画（5領域横断）
187,PLAN-TERM-4-Q2-001,TERM,0,総合,4,1,7〜9月のねらい,水遊び、色水遊び、泥んこ遊びなどを通して、素材や感触の違いを楽しみながら工夫して遊ぶ。,季節ごとの保育所の様子_四半期計画文例初版,active,804201,四半期計画（5領域横断）
188,PLAN-TERM-4-Q2-002,TERM,0,総合,4,2,7〜9月のねらい,暑い時期の過ごし方を知り、水分補給や休息、着替えなどを自分でしようとする。,季節ごとの保育所の様子_四半期計画文例初版,active,804202,四半期計画（5領域横断）
189,PLAN-TERM-4-Q2-003,TERM,0,総合,4,3,7〜9月のねらい,夏ならではの行事や異年齢の友達との関わりを通して、人と関わる楽しさを味わう。,季節ごとの保育所の様子_四半期計画文例初版,active,804203,四半期計画（5領域横断）
190,PLAN-TERM-4-Q2-004,TERM,0,総合,4,4,7〜9月のねらい,夏の経験を保育士や友達に話し、言葉で伝え合う楽しさを感じる。,季節ごとの保育所の様子_四半期計画文例初版,active,804204,四半期計画（5領域横断）
191,PLAN-TERM-4-Q2-005,TERM,0,総合,4,5,7〜9月のねらい,秋の気配や季節の変化に気付き、自然への興味や探究心を広げる。,季節ごとの保育所の様子_四半期計画文例初版,active,804205,四半期計画（5領域横断）
192,PLAN-TERM-4-Q3-001,TERM,0,総合,4,1,10〜12月のねらい,運動会や遠足などの行事に期待をもち、友達と一緒に目的をもって活動する。,季節ごとの保育所の様子_四半期計画文例初版,active,804301,四半期計画（5領域横断）
193,PLAN-TERM-4-Q3-002,TERM,0,総合,4,2,10〜12月のねらい,鬼ごっこやしっぽ取りなどルールのある遊びを通して、約束を守って遊ぶ楽しさを味わう。,季節ごとの保育所の様子_四半期計画文例初版,active,804302,四半期計画（5領域横断）
194,PLAN-TERM-4-Q3-003,TERM,0,総合,4,3,10〜12月のねらい,木の実や落ち葉などの自然物を使い、イメージを膨らませながら作ったり表現したりする。,季節ごとの保育所の様子_四半期計画文例初版,active,804303,四半期計画（5領域横断）
195,PLAN-TERM-4-Q3-004,TERM,0,総合,4,4,10〜12月のねらい,寒い季節にも体を動かして遊び、健康に過ごすための生活習慣に気付く。,季節ごとの保育所の様子_四半期計画文例初版,active,804304,四半期計画（5領域横断）
196,PLAN-TERM-4-Q3-005,TERM,0,総合,4,5,10〜12月のねらい,友達との関わりの中で、譲る、待つ、相談するなどの経験を重ねる。,季節ごとの保育所の様子_四半期計画文例初版,active,804305,四半期計画（5領域横断）
197,PLAN-TERM-4-Q4-001,TERM,0,総合,4,1,1〜3月のねらい,凧あげ、コマ回しなどの伝承遊びに挑戦し、繰り返し取り組む楽しさを味わう。,季節ごとの保育所の様子_四半期計画文例初版,active,804401,四半期計画（5領域横断）
198,PLAN-TERM-4-Q4-002,TERM,0,総合,4,2,1〜3月のねらい,クラスの友達と一緒に遊びや活動を進める中で、まとまりや一体感を感じる。,季節ごとの保育所の様子_四半期計画文例初版,active,804402,四半期計画（5領域横断）
199,PLAN-TERM-4-Q4-003,TERM,0,総合,4,3,1〜3月のねらい,1年間でできるようになったことに気付き、自信をもって生活しようとする。,季節ごとの保育所の様子_四半期計画文例初版,active,804403,四半期計画（5領域横断）
200,PLAN-TERM-4-Q4-004,TERM,0,総合,4,4,1〜3月のねらい,発表会や年度末の活動に向けて、自分なりに表現したり友達と協力したりする。,季節ごとの保育所の様子_四半期計画文例初版,active,804404,四半期計画（5領域横断）
201,PLAN-TERM-4-Q4-005,TERM,0,総合,4,5,1〜3月のねらい,進級への期待をもち、身の回りのことや生活の見通しをもって行動しようとする。,季節ごとの保育所の様子_四半期計画文例初版,active,804405,四半期計画（5領域横断）
202,PLAN-TERM-5-Q1-001,TERM,0,総合,5,1,4〜6月のねらい,年長児としての生活に期待をもち、生活や遊びを自分たちで進めようとする。,季節ごとの保育所の様子_四半期計画文例初版,active,805101,四半期計画（5領域横断）
203,PLAN-TERM-5-Q1-002,TERM,0,総合,5,2,4〜6月のねらい,新しいクラスの友達や保育士との関わりを深め、安心して自分の思いを出しながら過ごす。,季節ごとの保育所の様子_四半期計画文例初版,active,805102,四半期計画（5領域横断）
204,PLAN-TERM-5-Q1-003,TERM,0,総合,5,3,4〜6月のねらい,当番活動や係活動などを通して、クラスの一員として役割を果たそうとする。,季節ごとの保育所の様子_四半期計画文例初版,active,805103,四半期計画（5領域横断）
205,PLAN-TERM-5-Q1-004,TERM,0,総合,5,4,4〜6月のねらい,春から梅雨にかけての自然や身近な事象に関心をもち、気付いたことを友達と伝え合う。,季節ごとの保育所の様子_四半期計画文例初版,active,805104,四半期計画（5領域横断）
206,PLAN-TERM-5-Q1-005,TERM,0,総合,5,5,4〜6月のねらい,友達と相談しながら遊びや生活の進め方を考え、協力して活動しようとする。,季節ごとの保育所の様子_四半期計画文例初版,active,805105,四半期計画（5領域横断）
207,PLAN-TERM-5-Q2-001,TERM,0,総合,5,1,7〜9月のねらい,水遊びや夏ならではの活動を通して、全身を使って遊ぶ楽しさや開放感を味わう。,季節ごとの保育所の様子_四半期計画文例初版,active,805201,四半期計画（5領域横断）
208,PLAN-TERM-5-Q2-002,TERM,0,総合,5,2,7〜9月のねらい,暑い時期の健康や安全に気を付け、自分で考えて休息や水分補給をしようとする。,季節ごとの保育所の様子_四半期計画文例初版,active,805202,四半期計画（5領域横断）
209,PLAN-TERM-5-Q2-003,TERM,0,総合,5,3,7〜9月のねらい,夏祭りやお泊り保育などの行事に向けて、友達と相談したり役割を分担したりしながら活動する。,季節ごとの保育所の様子_四半期計画文例初版,active,805203,四半期計画（5領域横断）
210,PLAN-TERM-5-Q2-004,TERM,0,総合,5,4,7〜9月のねらい,夏の経験を言葉で伝え合い、友達の経験や考えにも関心をもつ。,季節ごとの保育所の様子_四半期計画文例初版,active,805204,四半期計画（5領域横断）
211,PLAN-TERM-5-Q2-005,TERM,0,総合,5,5,7〜9月のねらい,季節の移り変わりに気付き、自然の変化を遊びや活動に取り入れようとする。,季節ごとの保育所の様子_四半期計画文例初版,active,805205,四半期計画（5領域横断）
212,PLAN-TERM-5-Q3-001,TERM,0,総合,5,1,10〜12月のねらい,運動会や遠足などの行事に向けて、友達と目的を共有し、力を合わせて取り組む。,季節ごとの保育所の様子_四半期計画文例初版,active,805301,四半期計画（5領域横断）
213,PLAN-TERM-5-Q3-002,TERM,0,総合,5,2,10〜12月のねらい,ルールのある集団遊びを通して、作戦を考えたり約束を守ったりしながら遊びを深める。,季節ごとの保育所の様子_四半期計画文例初版,active,805302,四半期計画（5領域横断）
214,PLAN-TERM-5-Q3-003,TERM,0,総合,5,3,10〜12月のねらい,秋の自然物や季節の行事に触れ、感じたことやイメージを制作や表現に取り入れる。,季節ごとの保育所の様子_四半期計画文例初版,active,805303,四半期計画（5領域横断）
215,PLAN-TERM-5-Q3-004,TERM,0,総合,5,4,10〜12月のねらい,寒くなる時期の健康習慣に関心をもち、手洗い、うがい、衣服の調整などを自分から行おうとする。,季節ごとの保育所の様子_四半期計画文例初版,active,805304,四半期計画（5領域横断）
216,PLAN-TERM-5-Q3-005,TERM,0,総合,5,5,10〜12月のねらい,友達と意見を出し合い、互いの考えを受け止めながら活動を進める。,季節ごとの保育所の様子_四半期計画文例初版,active,805305,四半期計画（5領域横断）
217,PLAN-TERM-5-Q4-001,TERM,0,総合,5,1,1〜3月のねらい,正月遊びや伝承遊びに繰り返し挑戦し、できるようになる喜びや達成感を味わう。,季節ごとの保育所の様子_四半期計画文例初版,active,805401,四半期計画（5領域横断）
218,PLAN-TERM-5-Q4-002,TERM,0,総合,5,2,1〜3月のねらい,発表会やお別れ行事などに向けて、友達と協力しながら活動を作り上げる。,季節ごとの保育所の様子_四半期計画文例初版,active,805402,四半期計画（5領域横断）
219,PLAN-TERM-5-Q4-003,TERM,0,総合,5,3,1〜3月のねらい,クラスの仲間と過ごした1年間を振り返り、互いのよさを認め合いながら関わる。,季節ごとの保育所の様子_四半期計画文例初版,active,805403,四半期計画（5領域横断）
220,PLAN-TERM-5-Q4-004,TERM,0,総合,5,4,1〜3月のねらい,就学に向けて、生活の見通しをもち、自分で考えて行動しようとする。,季節ごとの保育所の様子_四半期計画文例初版,active,805404,四半期計画（5領域横断）
221,PLAN-TERM-5-Q4-005,TERM,0,総合,5,5,1〜3月のねらい,進級・就学への期待をもち、年下の子や身近な人との関わりの中で思いやりや役に立つ喜びを感じる。,季節ごとの保育所の様子_四半期計画文例初版,active,805405,四半期計画（5領域横断）
